"fips_code","popsize"
"01001",55380
"01003",212830
"01005",25361
"01007",22493
"01009",57681
"01011",10248
"01013",19828
"01015",114618
"01017",33660
"01019",25903
"01021",44055
"01023",12925
"01025",24128
"01027",13337
"01029",14916
"01031",51662
"01033",54771
"01035",12394
"01037",10757
"01039",37200
"01041",13844
"01043",82853
"01045",49277
"01047",39149
"01049",71310
"01051",81144
"01053",37057
"01055",102748
"01057",16494
"01059",31466
"01061",26417
"01063",8324
"01065",14809
"01067",17133
"01069",104702
"01071",51852
"01073",659680
"01075",13885
"01077",92556
"01079",33058
"01081",161152
"01083",94727
"01085",10079
"01087",18708
"01089",362276
"01091",19321
"01093",29866
"01095",95643
"01097",414114
"01099",21270
"01101",226941
"01103",119213
"01105",9293
"01107",20243
"01109",33333
"01111",22647
"01113",57952
"01115",87989
"01117",213432
"01119",12797
"01121",80387
"01123",40541
"01125",207305
"01127",64110
"01129",16541
"01131",10681
"01133",23784
"02013",3385
"02016",5698
"02020",293531
"02050",18134
"02060",875
"02068",2246
"02070",4961
"02090",99072
"02100",2518
"02105",2139
"02110",32227
"02122",58464
"02130",13800
"02150",13451
"02158",8250
"02164",1393
"02170",105369
"02180",9988
"02185",9792
"02188",7715
"02195",3257
"02198",6407
"02220",8640
"02230",1107
"02240",6878
"02261",9243
"02275",2502
"02282",649
"02290",5377
"04001",71511
"04003",125867
"04005",141274
"04007",53546
"04009",37996
"04011",9522
"04012",20793
"04013",4328810
"04015",207695
"04017",109270
"04019",1027207
"04021",432793
"04023",46480
"04025",228067
"04027",209468
"05001",17914
"05003",20270
"05005",41427
"05007",265759
"05009",37331
"05011",10874
"05013",5192
"05015",27965
"05017",10615
"05019",22386
"05021",14889
"05023",25100
"05025",8128
"05027",23776
"05029",20858
"05031",107345
"05033",62739
"05035",48672
"05037",16824
"05039",7279
"05041",11709
"05043",18417
"05045",123624
"05047",17738
"05049",12231
"05051",98555
"05053",18126
"05055",44937
"05057",21842
"05059",33597
"05061",13311
"05063",37427
"05065",13570
"05067",17027
"05069",69282
"05071",26372
"05073",6800
"05075",16549
"05077",9194
"05079",13455
"05081",12347
"05083",21668
"05085",72528
"05087",16211
"05089",16476
"05091",43572
"05093",42126
"05095",7050
"05097",8950
"05099",8351
"05101",7812
"05103",23830
"05105",10355
"05107",18606
"05109",10756
"05111",23896
"05113",20094
"05115",63761
"05117",8189
"05119",392967
"05121",17695
"05123",25900
"05125",119415
"05127",10376
"05129",7908
"05131",127591
"05133",17081
"05135",17139
"05137",12475
"05139",39449
"05141",16642
"05143",232289
"05145",78762
"05147",6533
"05149",21464
"06001",1656754
"06003",1039
"06005",38429
"06007",225817
"06009",45514
"06011",21454
"06013",1142251
"06015",27495
"06017",188563
"06019",984521
"06021",27976
"06023",135940
"06025",180701
"06027",17977
"06029",887641
"06031",150691
"06033",64195
"06035",30818
"06037",10081570
"06039",155433
"06041",259943
"06043",17420
"06045",87224
"06047",271382
"06049",8907
"06051",14310
"06053",433410
"06055",139623
"06057",99244
"06059",3168044
"06061",385512
"06063",18660
"06065",2411439
"06067",1524553
"06069",60376
"06071",2149031
"06073",3316073
"06075",874961
"06077",742603
"06079",282165
"06081",767423
"06083",444829
"06085",1927470
"06087",273962
"06089",179212
"06091",3040
"06093",43468
"06095",441829
"06097",499772
"06099",543194
"06101",96109
"06103",63912
"06105",12700
"06107",461898
"06109",54045
"06111",847263
"06113",217352
"06115",76360
"08001",504108
"08003",16107
"08005",644560
"08007",13253
"08009",3561
"08011",5787
"08013",322510
"08014",67886
"08015",19557
"08017",2026
"08019",9495
"08021",8128
"08023",3745
"08025",5754
"08027",4776
"08029",30565
"08031",705576
"08033",1857
"08035",336041
"08037",54681
"08039",25717
"08041",698974
"08043",47321
"08045",59055
"08047",6018
"08049",15303
"08051",16802
"08053",857
"08055",6679
"08057",1261
"08059",574798
"08061",1489
"08063",7447
"08065",7751
"08067",55617
"08069",344786
"08071",14266
"08073",5585
"08075",22380
"08077",151218
"08079",824
"08081",13127
"08083",26031
"08085",41686
"08087",28517
"08089",18282
"08091",4796
"08093",17867
"08095",4290
"08097",17926
"08099",12022
"08101",165982
"08103",6384
"08105",11305
"08107",25072
"08109",6592
"08111",589
"08113",8049
"08115",2322
"08117",30649
"08119",24524
"08121",4868
"08123",305345
"08125",10003
"09001",943926
"09003",893561
"09005",182002
"09007",163053
"09009",857513
"09011",267390
"09013",151063
"09015",116566
"10001",176699
"10003",556165
"10005",224384
"11001",692683
"12001",265443
"12003",28211
"12005",182161
"12007",27317
"12009",585507
"12011",1926205
"12013",14362
"12015",181067
"12017",145169
"12019",211405
"12021",371453
"12023",69968
"12027",36903
"12029",16589
"12031",936186
"12033",313491
"12035",109801
"12037",11811
"12039",45945
"12041",17953
"12043",13516
"12045",15576
"12047",14326
"12049",27131
"12051",40732
"12053",186313
"12055",103437
"12057",1422278
"12059",19432
"12061",153989
"12063",47945
"12065",14161
"12067",8637
"12069",345867
"12071",737468
"12073",289770
"12075",40403
"12077",8345
"12079",18460
"12081",384213
"12083",353526
"12085",159065
"12086",2699428
"12087",75798
"12089",83098
"12091",203794
"12093",41144
"12095",1349746
"12097",351955
"12099",1465027
"12101",524602
"12103",964666
"12105",686218
"12107",73252
"12109",244674
"12111",312947
"12113",174755
"12115",419496
"12117",461402
"12119",125044
"12121",44046
"12123",21870
"12125",15303
"12127",536487
"12129",32321
"12131",68262
"12133",24764
"13001",18440
"13003",8239
"13005",11201
"13007",3132
"13009",45111
"13011",18708
"13013",78991
"13015",104919
"13017",17033
"13019",19152
"13021",153200
"13023",12807
"13025",18756
"13027",15590
"13029",37063
"13031",76120
"13033",22520
"13035",24090
"13037",6365
"13039",53231
"13043",10812
"13045",117183
"13047",66700
"13049",13040
"13051",288496
"13053",10560
"13055",24812
"13057",247515
"13059",126176
"13061",2951
"13063",283538
"13065",6686
"13067",751218
"13069",43021
"13071",45486
"13073",150705
"13075",17177
"13077",143260
"13079",12325
"13081",22713
"13083",16197
"13085",24536
"13087",26682
"13089",749323
"13091",20829
"13093",13736
"13095",89703
"13097",143316
"13099",10312
"13101",3981
"13103",60477
"13105",19166
"13107",22533
"13109",10687
"13111",25395
"13113",112303
"13115",97369
"13117",228383
"13119",22766
"13121",1036200
"13123",30414
"13125",2996
"13127",84470
"13129",57202
"13131",24828
"13133",17349
"13135",915046
"13137",44626
"13139",198667
"13141",8515
"13143",29227
"13145",34105
"13147",25773
"13149",11736
"13151",225356
"13153",153507
"13155",9320
"13157",67885
"13159",13916
"13161",15036
"13163",15618
"13165",8793
"13167",9691
"13169",28579
"13171",18672
"13173",10380
"13175",47405
"13177",29502
"13179",61349
"13181",7856
"13183",18692
"13185",115364
"13187",32402
"13189",21455
"13191",14174
"13193",13305
"13195",29218
"13197",8432
"13199",21106
"13201",5787
"13205",22244
"13207",27171
"13209",9058
"13211",18507
"13213",39724
"13215",195739
"13217",108079
"13219",38132
"13221",14931
"13223",159825
"13225",27145
"13227",31387
"13229",19250
"13231",18327
"13233",41908
"13235",11216
"13237",21691
"13239",2289
"13241",16645
"13243",6973
"13245",201852
"13247",89717
"13249",5221
"13251",13989
"13253",8321
"13255",65306
"13257",25750
"13259",6293
"13261",30064
"13263",6321
"13265",1611
"13267",25382
"13269",8116
"13271",16035
"13273",8737
"13275",44630
"13277",40541
"13279",26972
"13281",11617
"13283",6795
"13285",69919
"13287",7943
"13289",8229
"13291",23288
"13293",26236
"13295",69039
"13297",91442
"13299",35593
"13301",5297
"13303",20436
"13305",29788
"13307",2610
"13309",7928
"13311",29489
"13313",104237
"13315",8824
"13317",9844
"13319",9010
"13321",20494
"15001",199459
"15003",984821
"15005",66
"15007",71769
"15009",165979
"16001",456849
"16003",4097
"16005",85765
"16007",6000
"16009",9138
"16011",45839
"16013",22373
"16015",7378
"16017",43611
"16019",114392
"16021",11845
"16023",2581
"16025",1048
"16027",217633
"16029",6953
"16031",23690
"16033",913
"16035",8673
"16037",4169
"16039",26743
"16041",13464
"16043",13020
"16045",17331
"16047",15148
"16049",16411
"16051",28534
"16053",23730
"16055",157322
"16057",39505
"16059",7847
"16061",3838
"16063",5350
"16065",39100
"16067",20705
"16069",40217
"16071",4385
"16073",11552
"16075",23260
"16077",7671
"16079",12609
"16081",11426
"16083",84869
"16085",10709
"16087",10057
"17001",66085
"17003",6260
"17005",16589
"17007",53537
"17009",6628
"17011",33122
"17013",4830
"17015",14466
"17017",12493
"17019",209922
"17021",32931
"17023",15716
"17025",13287
"17027",37634
"17029",51353
"17031",5198275
"17033",18972
"17035",10836
"17037",104366
"17039",15932
"17041",19623
"17043",929060
"17045",17407
"17047",6455
"17049",34137
"17051",21565
"17053",13270
"17055",38923
"17057",35092
"17059",5064
"17061",13132
"17063",50666
"17065",8176
"17067",17983
"17069",3939
"17071",6809
"17073",49267
"17075",27812
"17077",57977
"17079",9594
"17081",37985
"17083",21937
"17085",21588
"17087",12494
"17089",531376
"17091",110637
"17093",126054
"17095",50508
"17097",701473
"17099",109737
"17101",16033
"17103",34389
"17105",36040
"17107",29003
"17109",30479
"17111",307714
"17113",172578
"17115",105528
"17117",45463
"17119",264776
"17121",37743
"17123",11679
"17125",13621
"17127",14219
"17129",12306
"17131",15589
"17133",34168
"17135",28828
"17137",34247
"17139",14641
"17141",51025
"17143",182770
"17145",21251
"17147",16401
"17149",15672
"17151",4203
"17153",5510
"17155",5721
"17157",32295
"17159",15766
"17161",143873
"17163",262338
"17165",23994
"17167",196861
"17169",6953
"17171",5005
"17173",21737
"17175",5447
"17177",45093
"17179",133195
"17181",16968
"17183",77563
"17185",11546
"17187",17146
"17189",14058
"17191",16402
"17193",13868
"17195",56016
"17197",689315
"17199",67102
"17201",284819
"17203",38700
"18001",35376
"18003",372575
"18005",82481
"18007",8677
"18009",12013
"18011",65544
"18013",15064
"18015",20074
"18017",37880
"18019",116507
"18021",26234
"18023",32273
"18025",10569
"18027",33120
"18029",49479
"18031",26562
"18033",42927
"18035",115020
"18037",42543
"18039",204558
"18041",23194
"18043",77320
"18045",16430
"18047",22774
"18049",20096
"18051",33656
"18053",66452
"18055",32159
"18057",323117
"18059",75164
"18061",39940
"18063",163799
"18065",48255
"18067",82331
"18069",36359
"18071",44025
"18073",33447
"18075",20840
"18077",32201
"18079",27710
"18081",153716
"18083",37065
"18085",79035
"18087",39193
"18089",485707
"18091",110154
"18093",45548
"18095",129455
"18097",951869
"18099",46461
"18101",10212
"18103",35815
"18105",146461
"18107",38287
"18109",69922
"18111",13992
"18113",47506
"18115",5874
"18117",19545
"18119",20835
"18121",16946
"18123",19102
"18125",12378
"18127",168636
"18129",25560
"18131",12559
"18133",37384
"18135",24926
"18137",28391
"18139",16641
"18141",270216
"18143",23759
"18145",44438
"18147",20447
"18149",22952
"18151",34453
"18153",20730
"18155",10685
"18157",191553
"18159",15162
"18161",7113
"18163",181291
"18165",15539
"18167",107459
"18169",31389
"18171",8237
"18173",62280
"18175",27848
"18177",66342
"18179",28011
"18181",24149
"18183",33730
"19001",7085
"19003",3670
"19005",13813
"19007",12452
"19009",5571
"19011",25636
"19013",132393
"19015",26370
"19017",24864
"19019",21118
"19021",20058
"19023",14628
"19025",9744
"19027",20281
"19029",13091
"19031",18457
"19033",42834
"19035",11343
"19037",12026
"19039",9360
"19041",16211
"19043",17625
"19045",46909
"19047",17034
"19049",87099
"19051",8920
"19053",7979
"19055",17183
"19057",39386
"19059",17127
"19061",96982
"19063",9438
"19065",19803
"19067",15786
"19069",10162
"19071",6946
"19073",8950
"19075",12299
"19077",10669
"19079",14997
"19081",10802
"19083",17061
"19085",14089
"19087",19941
"19089",9226
"19091",9554
"19093",6901
"19095",16189
"19097",19401
"19099",36971
"19101",18148
"19103",148577
"19105",20559
"19107",10188
"19109",14978
"19111",34227
"19113",223861
"19115",11178
"19117",8583
"19119",11776
"19121",16012
"19123",22164
"19125",33172
"19127",39964
"19129",15034
"19131",10608
"19133",8730
"19135",7807
"19137",10053
"19139",42889
"19141",13835
"19143",6052
"19145",15268
"19147",9003
"19149",25068
"19151",6797
"19153",479612
"19155",93393
"19157",18388
"19159",4964
"19161",9802
"19163",172446
"19165",11606
"19167",34827
"19169",96941
"19171",17032
"19173",6167
"19175",12358
"19177",7150
"19179",35141
"19181",50076
"19183",22100
"19185",6429
"19187",36545
"19189",10534
"19191",20262
"19193",102586
"19195",7445
"19197",12739
"20001",12556
"20003",7835
"20005",16268
"20007",4624
"20009",26453
"20011",14608
"20013",9626
"20015",66698
"20017",2637
"20019",3323
"20021",20179
"20023",2665
"20025",2026
"20027",8082
"20029",8938
"20031",8254
"20033",1740
"20035",35351
"20037",38968
"20039",2860
"20041",18828
"20043",7684
"20045",120290
"20047",2869
"20049",2523
"20051",28775
"20053",6231
"20055",36750
"20057",34179
"20059",25558
"20061",34025
"20063",2644
"20065",2519
"20067",7467
"20069",6039
"20071",1185
"20073",6081
"20075",2591
"20077",5594
"20079",34503
"20081",4018
"20083",1876
"20085",13266
"20087",18890
"20089",2885
"20091",591506
"20093",3907
"20095",7340
"20097",2505
"20099",20119
"20101",1564
"20103",80745
"20105",3044
"20107",9671
"20109",2805
"20111",33251
"20113",28567
"20115",11964
"20117",9749
"20119",4180
"20121",33417
"20123",6145
"20125",32521
"20127",5566
"20129",2754
"20131",10121
"20133",16108
"20135",2876
"20137",5446
"20139",15881
"20141",3530
"20143",5822
"20145",6629
"20147",5340
"20149",23847
"20151",9452
"20153",2502
"20155",62765
"20157",4658
"20159",9658
"20161",75056
"20163",5053
"20165",3022
"20167",6948
"20169",54701
"20171",4917
"20173",513375
"20175",22349
"20177",177852
"20179",2506
"20181",5938
"20183",3627
"20185",4181
"20187",2052
"20189",5603
"20191",23114
"20193",7810
"20195",2840
"20197",6889
"20199",1574
"20201",5493
"20203",2130
"20205",8688
"20207",3157
"20209",164861
"21001",19222
"21003",20944
"21005",22409
"21007",8032
"21009",43884
"21011",12355
"21013",26791
"21015",130820
"21017",20058
"21019",47682
"21021",29972
"21023",8305
"21025",12977
"21027",20176
"21029",80171
"21031",12764
"21033",12702
"21035",38837
"21037",92861
"21039",4784
"21041",10671
"21043",27159
"21045",15885
"21047",71414
"21049",35971
"21051",20368
"21053",10193
"21055",9000
"21057",6697
"21059",100474
"21061",12138
"21063",7510
"21065",14224
"21067",320601
"21069",14513
"21071",36456
"21073",50529
"21075",6130
"21077",8737
"21079",17445
"21081",24951
"21083",37248
"21085",26247
"21087",10979
"21089",35555
"21091",8720
"21093",108527
"21095",26699
"21097",18722
"21099",18729
"21101",45829
"21103",15911
"21105",4510
"21107",45331
"21109",13369
"21111",767419
"21113",53032
"21115",22634
"21117",165668
"21119",15260
"21121",31365
"21123",14204
"21125",60357
"21127",15671
"21129",6881
"21131",10283
"21133",22295
"21135",13417
"21137",24476
"21139",9235
"21141",26902
"21143",8271
"21145",65268
"21147",17465
"21149",9283
"21151",90802
"21153",12491
"21155",19244
"21157",31192
"21159",11648
"21161",17112
"21163",28182
"21165",6443
"21167",21592
"21169",10036
"21171",10627
"21173",27884
"21175",13288
"21177",30951
"21179",45650
"21181",7153
"21183",24071
"21185",65967
"21187",10796
"21189",4442
"21191",14572
"21193",26624
"21195",59497
"21197",12304
"21199",64350
"21201",2123
"21203",16820
"21205",24507
"21207",17778
"21209",54667
"21211",47325
"21213",18183
"21215",18680
"21217",25571
"21219",12316
"21221",14449
"21223",8558
"21225",14638
"21227",128652
"21229",12023
"21231",20546
"21233",13068
"21235",36131
"21237",7207
"21239",26318
"22001",62457
"22003",25618
"22005",123114
"22007",22478
"22009",40669
"22011",37043
"22013",13564
"22015",126499
"22017",245831
"22019",201619
"22021",9992
"22023",6930
"22025",9766
"22027",15985
"22029",19778
"22031",27289
"22033",443763
"22035",7096
"22037",19371
"22039",33589
"22041",20238
"22043",22340
"22045",71887
"22047",32822
"22049",15879
"22051",434850
"22053",31441
"22055",241973
"22057",98108
"22059",14936
"22061",47246
"22063",138928
"22065",11306
"22067",25610
"22069",38769
"22071",390845
"22073",155494
"22075",23338
"22077",22016
"22079",130970
"22081",8565
"22083",20350
"22085",23991
"22087",46266
"22089",52773
"22091",10297
"22093",21308
"22095",43242
"22097",83172
"22099",53732
"22101",50968
"22103",255155
"22105",132057
"22107",4561
"22109",112054
"22111",22353
"22113",59865
"22115",49646
"22117",46435
"22119",39242
"22121",26101
"22123",11041
"22125",15428
"22127",14313
"23001",107602
"23003",67809
"23005",292307
"23007",29982
"23009",54601
"23011",121753
"23013",39759
"23015",34201
"23017",57550
"23019",151774
"23021",16836
"23023",35452
"23025",50520
"23027",39539
"23029",31491
"23031",204316
"24001",71445
"24003",571275
"24005",828018
"24009",91511
"24011",33049
"24013",167699
"24015",102552
"24017",159428
"24019",32138
"24021",251422
"24023",29235
"24025",252222
"24027",318855
"24029",19536
"24031",1043530
"24033",908670
"24035",49632
"24037",112290
"24039",25729
"24041",37167
"24043",150109
"24045",102539
"24047",51765
"24510",609032
"25001",213496
"25003",126425
"25005",561037
"25007",17312
"25009",783676
"25011",70577
"25013",467871
"25015",161032
"25017",1600842
"25019",11168
"25021",700437
"25023",515303
"25025",796605
"25027",824772
"26001",10353
"26003",9151
"26005",116143
"26007",28520
"26009",23206
"26011",15070
"26013",8421
"26015",60540
"26017",104104
"26019",17615
"26021",154133
"26023",43513
"26025",134212
"26027",51523
"26029",26188
"26031",25418
"26033",37629
"26035",30651
"26037",78389
"26039",13892
"26041",36026
"26043",25439
"26045",109456
"26047",33104
"26049",407875
"26051",25279
"26053",15061
"26055",92181
"26057",40916
"26059",45757
"26061",36070
"26063",31349
"26065",290587
"26067",64300
"26069",25197
"26071",11152
"26073",70688
"26075",158636
"26077",262745
"26079",17585
"26081",648121
"26083",2111
"26085",11852
"26087",88038
"26089",21652
"26091",98381
"26093",189754
"26095",6338
"26097",10780
"26099",870325
"26101",24457
"26103",66686
"26105",28954
"26107",43251
"26109",23074
"26111",83355
"26113",15028
"26115",149727
"26117",63413
"26119",9265
"26121",173297
"26123",48366
"26125",1253185
"26127",26416
"26129",20898
"26131",5877
"26133",23290
"26135",8248
"26137",24490
"26139",286558
"26141",12714
"26143",23851
"26145",191821
"26147",159247
"26149",60836
"26151",41295
"26153",8048
"26155",68340
"26157",52939
"26159",75358
"26161",367000
"26163",1757299
"26165",33256
"27001",15834
"27003",350253
"27005",34011
"27007",46403
"27009",40129
"27011",4996
"27013",66795
"27015",25163
"27017",35633
"27019",101949
"27021",29268
"27023",11953
"27025",55315
"27027",63446
"27029",8821
"27031",5376
"27033",11299
"27035",64217
"27037",421453
"27039",20669
"27041",37513
"27043",13801
"27045",20949
"27047",30463
"27049",46246
"27051",5935
"27053",1245837
"27055",18648
"27057",21019
"27059",39430
"27061",45141
"27063",9954
"27065",16089
"27067",42841
"27069",4311
"27071",12515
"27073",6719
"27075",10560
"27077",3771
"27079",28242
"27081",5677
"27083",25758
"27085",35832
"27087",5501
"27089",9372
"27091",19852
"27093",23105
"27095",25865
"27097",33064
"27099",39807
"27101",8296
"27103",33954
"27105",21734
"27107",6520
"27109",154809
"27111",58195
"27113",14183
"27115",29223
"27117",9191
"27119",31521
"27121",11048
"27123",544442
"27125",4015
"27127",15261
"27129",14652
"27131",66185
"27133",9402
"27135",15361
"27137",199759
"27139",145275
"27141",94463
"27143",14892
"27145",158452
"27147",36683
"27149",9789
"27151",9359
"27153",24494
"27155",3311
"27157",21537
"27159",13654
"27161",18740
"27163",255938
"27165",10972
"27167",6291
"27169",50725
"27171",134438
"27173",9814
"28001",31266
"28003",37090
"28005",12412
"28007",18437
"28009",8232
"28011",31848
"28013",14499
"28015",10070
"28017",17193
"28019",8277
"28021",9089
"28023",15770
"28025",19640
"28027",23255
"28029",28501
"28031",18978
"28033",178975
"28035",75224
"28037",7733
"28039",23917
"28041",13645
"28043",21088
"28045",46961
"28047",204502
"28049",238797
"28051",17737
"28053",8389
"28055",1361
"28057",23462
"28059",142376
"28061",16505
"28063",7225
"28065",11339
"28067",68352
"28069",9943
"28071",53590
"28073",61969
"28075",76279
"28077",12633
"28079",22792
"28081",85072
"28083",29222
"28085",34320
"28087",59150
"28089",104562
"28091",24990
"28093",35599
"28095",35673
"28097",10068
"28099",29332
"28101",21360
"28103",10700
"28105",49512
"28107",34190
"28109",55219
"28111",12006
"28113",39532
"28115",31618
"28117",25255
"28119",7187
"28121",152677
"28123",28332
"28125",4404
"28127",26888
"28129",16009
"28131",18276
"28133",26168
"28135",14158
"28137",28404
"28139",22018
"28141",19441
"28143",9988
"28145",28507
"28147",14477
"28149",46519
"28151",46057
"28153",20373
"28155",9768
"28157",8875
"28159",18229
"28161",12367
"28163",28565
"29001",25369
"29003",17503
"29005",5229
"29007",25644
"29009",35530
"29011",11797
"29013",16296
"29015",19107
"29017",12225
"29019",177651
"29021",88460
"29023",42656
"29025",9039
"29027",44889
"29029",45466
"29031",78491
"29033",8781
"29035",6147
"29037",103597
"29039",14043
"29041",7483
"29043",85658
"29045",6779
"29047",242516
"29049",20500
"29051",76723
"29053",17660
"29055",24154
"29057",7578
"29059",16617
"29061",8295
"29063",12526
"29065",15545
"29067",13306
"29069",30027
"29071",103191
"29073",14711
"29075",6616
"29077",289756
"29079",9992
"29081",8491
"29083",21735
"29085",9404
"29087",4432
"29089",10058
"29091",40104
"29093",10164
"29095",696216
"29097",119920
"29099",223951
"29101",53682
"29103",3947
"29105",35531
"29107",32597
"29109",38204
"29111",9955
"29113",56477
"29115",12113
"29117",15126
"29119",22782
"29121",15199
"29123",12179
"29125",8803
"29127",28608
"29129",3644
"29131",25201
"29133",13574
"29135",16046
"29137",8629
"29139",11487
"29141",20271
"29143",17560
"29145",58180
"29147",22359
"29149",10647
"29151",13615
"29153",9207
"29155",16663
"29157",19191
"29159",42355
"29161",44630
"29163",18455
"29165",100682
"29167",31748
"29169",52425
"29171",4781
"29173",10234
"29175",24878
"29177",22875
"29179",6290
"29181",13567
"29183",394290
"29185",9370
"29186",17848
"29187",66643
"29189",996919
"29195",22976
"29197",4555
"29199",4902
"29201",38633
"29203",8217
"29205",6013
"29207",29377
"29209",31615
"29211",6247
"29213",55114
"29215",25604
"29217",20595
"29219",34453
"29221",24860
"29223",13195
"29225",38655
"29227",2027
"29229",18203
"29510",308174
"30001",9415
"30003",13387
"30005",6719
"30007",5945
"30009",10597
"30011",1331
"30013",81625
"30015",5732
"30017",11729
"30019",1730
"30021",9017
"30023",9106
"30025",2921
"30027",11221
"30029",99899
"30031",108063
"30033",1036
"30035",13732
"30037",728
"30039",3311
"30041",16436
"30043",11917
"30045",1954
"30047",30013
"30049",67805
"30051",2351
"30053",19537
"30055",1790
"30057",8302
"30059",1888
"30061",4251
"30063",117309
"30065",4766
"30067",16352
"30069",453
"30071",4077
"30073",5994
"30075",1607
"30077",6854
"30079",1252
"30081",42512
"30083",11199
"30085",11175
"30087",9152
"30089",11681
"30091",3483
"30093",34770
"30095",9466
"30097",3670
"30099",6086
"30101",4892
"30103",668
"30105",7471
"30107",2142
"30109",1122
"30111",159008
"31001",31587
"31003",6341
"31005",427
"31007",722
"31009",477
"31011",5279
"31013",10970
"31015",1937
"31017",3015
"31019",49209
"31021",6510
"31023",8029
"31025",25888
"31027",8498
"31029",3783
"31031",5779
"31033",9604
"31035",6203
"31037",10714
"31039",8952
"31041",10826
"31043",20173
"31045",8810
"31047",23733
"31049",1831
"31051",5719
"31053",36665
"31055",560617
"31057",1913
"31059",5547
"31061",2987
"31063",2640
"31065",4747
"31067",21594
"31069",1864
"31071",2001
"31073",2013
"31075",722
"31077",2382
"31079",61265
"31081",9215
"31083",3415
"31085",893
"31087",2815
"31089",10177
"31091",693
"31093",6417
"31095",7144
"31097",5161
"31099",6529
"31101",8068
"31103",760
"31105",3633
"31107",8426
"31109",313158
"31111",35263
"31113",927
"31115",605
"31117",395
"31119",35080
"31121",7798
"31123",4781
"31125",3544
"31127",6973
"31129",4244
"31131",15949
"31133",2649
"31135",2901
"31137",9100
"31139",7144
"31141",33174
"31143",5225
"31145",10768
"31147",7961
"31149",1414
"31151",14270
"31153",181232
"31155",21165
"31157",36074
"31159",17171
"31161",5231
"31163",3033
"31165",1219
"31167",5957
"31169",5057
"31171",645
"31173",7181
"31175",4206
"31177",20361
"31179",9332
"31181",3537
"31183",783
"31185",13745
"32001",24259
"32003",2182004
"32005",48132
"32007",52297
"32009",969
"32011",1859
"32013",16828
"32015",5643
"32017",5180
"32019",54380
"32021",4460
"32023",44380
"32027",6615
"32029",3988
"32031",456936
"32033",9679
"32510",54773
"33001",60887
"33003",48138
"33005",76042
"33007",31741
"33009",89777
"33011",413035
"33013",149917
"33015",306359
"33017",129124
"33019",43104
"34001",266105
"34003",930390
"34005",445702
"34007",506738
"34009",93086
"34011",151906
"34013",795404
"34015",291165
"34017",670046
"34019",124823
"34021",367922
"34023",825920
"34025",621659
"34027",493379
"34029",596415
"34031",503637
"34033",62990
"34035",329838
"34037",141483
"34039",554033
"34041",105862
"35001",677858
"35003",3526
"35005",65144
"35006",26891
"35007",12168
"35009",49732
"35011",2040
"35013",216069
"35015",57732
"35017",27669
"35019",4353
"35021",441
"35023",4297
"35025",70277
"35027",19461
"35028",18625
"35029",24083
"35031",72438
"35033",4536
"35035",66137
"35037",8326
"35039",39159
"35041",18888
"35043",142704
"35045",126515
"35047",27738
"35049",149293
"35051",11031
"35053",16858
"35055",32786
"35057",15519
"35059",4133
"35061",76027
"36001",306968
"36003",46688
"36005",1435068
"36007",193188
"36009",77121
"36011",77425
"36013",128496
"36015",84895
"36017",47909
"36019",80583
"36021",60371
"36023",47865
"36025",44995
"36027",293754
"36029",919355
"36031",37459
"36033",50477
"36035",53646
"36037",57808
"36039",47424
"36041",4515
"36043",62057
"36045",112842
"36047",2589974
"36049",26572
"36051",63591
"36053",71205
"36055",743341
"36057",49302
"36059",1356509
"36061",1631993
"36063",210820
"36065",229959
"36067",462872
"36069",109511
"36071",380085
"36073",40904
"36075",118339
"36077",59972
"36079",98787
"36081",2287388
"36083",159185
"36085",474893
"36087",324422
"36089",108913
"36091",228502
"36093",154859
"36095",31222
"36097",17920
"36099",34390
"36101",96422
"36103",1483832
"36105",75116
"36107",48686
"36109",102642
"36111",178665
"36113",64276
"36115",61616
"36117",90519
"36119",968890
"36121",40305
"36123",25011
"37001",163324
"37003",37213
"37005",11008
"37007",24902
"37009",26863
"37011",17506
"37013",47168
"37015",19380
"37017",33407
"37019",131815
"37021",256886
"37023",89968
"37025",206615
"37027",81884
"37029",10551
"37031",69070
"37033",22684
"37035",157613
"37037",71338
"37039",27969
"37041",14097
"37043",10946
"37045",97282
"37047",56068
"37049",102491
"37051",332861
"37053",26363
"37055",36222
"37057",165381
"37059",42257
"37061",58967
"37063",311848
"37065",52648
"37067",375195
"37069",66362
"37071",219271
"37073",11548
"37075",8509
"37077",59328
"37079",21033
"37081",527868
"37083",51190
"37085",132283
"37087",61053
"37089",114913
"37091",24012
"37093",53957
"37095",5213
"37097",175538
"37099",42938
"37101",196870
"37103",9594
"37105",60481
"37107",56756
"37109",82919
"37111",45227
"37113",34813
"37115",21499
"37117",22849
"37119",1074475
"37121",15004
"37123",27252
"37125",97294
"37127",94030
"37129",227938
"37131",19946
"37133",195069
"37135",144836
"37137",12701
"37139",39514
"37141",60399
"37143",13430
"37145",39345
"37147",178433
"37149",20557
"37151",143118
"37153",44997
"37155",132596
"37157",91077
"37159",140296
"37161",66599
"37163",63385
"37165",35076
"37167",61588
"37169",45781
"37171",71971
"37173",14260
"37175",33775
"37177",4095
"37179",231053
"37181",44479
"37183",1069079
"37185",19898
"37187",11922
"37189",54925
"37191",123603
"37193",68469
"37195",81435
"37197",37602
"37199",17760
"38001",2311
"38003",10706
"38005",6873
"38007",922
"38009",6502
"38011",3148
"38013",2182
"38015",94793
"38017",176975
"38019",3803
"38021",4938
"38023",2335
"38025",4395
"38027",2301
"38029",3310
"38031",3260
"38033",1845
"38035",70224
"38037",2353
"38039",2409
"38041",2547
"38043",2466
"38045",4125
"38047",1872
"38049",5878
"38051",2597
"38053",13334
"38055",9584
"38057",8462
"38059",30868
"38061",10321
"38063",2894
"38065",1842
"38067",6947
"38069",4126
"38071",11583
"38073",5314
"38075",2442
"38077",16254
"38079",14511
"38081",3872
"38083",1409
"38085",4373
"38087",742
"38089",31081
"38091",1744
"38093",20965
"38095",2224
"38097",8008
"38099",10751
"38101",68812
"38103",3976
"38105",35208
"39001",27776
"39003",103175
"39005",53536
"39007",97830
"39009",65917
"39011",45729
"39013",68024
"39015",43572
"39017",380019
"39019",27332
"39021",38845
"39023",134726
"39025",204275
"39027",41957
"39029",103190
"39031",36585
"39033",41821
"39035",1247451
"39037",51513
"39039",38160
"39041",201135
"39043",74780
"39045",154457
"39047",28620
"39049",1290360
"39051",42253
"39053",30088
"39055",93843
"39057",166502
"39059",39111
"39061",813589
"39063",75837
"39065",31425
"39067",15211
"39069",27208
"39071",43016
"39073",28390
"39075",43901
"39077",58339
"39079",32450
"39081",66371
"39083",61481
"39085",229954
"39087",60184
"39089",173750
"39091",45316
"39093",307670
"39095",431102
"39097",44135
"39099",229961
"39101",65299
"39103",177980
"39105",23078
"39107",40884
"39109",105371
"39111",13942
"39113",531670
"39115",14640
"39117",35043
"39119",86131
"39121",14416
"39123",40632
"39125",18809
"39127",36022
"39129",57762
"39131",28000
"39133",162511
"39135",41093
"39137",33911
"39139",121100
"39141",76948
"39143",59029
"39145",76040
"39147",55351
"39149",48749
"39151",372404
"39153",541334
"39155",200367
"39157",92335
"39159",56707
"39161",28261
"39163",13083
"39165",229132
"39167",60426
"39169",116099
"39171",36816
"39173",130150
"39175",22000
"40001",22220
"40003",5847
"40005",13823
"40007",5377
"40009",22268
"40011",9556
"40013",46457
"40015",29242
"40017",140455
"40019",48319
"40021",48664
"40023",14807
"40025",2174
"40027",279274
"40029",5581
"40031",121762
"40033",5858
"40035",14390
"40037",71427
"40039",29152
"40041",42433
"40043",4922
"40045",4015
"40047",61898
"40049",27835
"40051",55071
"40053",4397
"40055",5861
"40057",2710
"40059",3760
"40061",12687
"40063",13372
"40065",25063
"40067",6158
"40069",11064
"40071",44402
"40073",15694
"40075",8886
"40077",10348
"40079",50026
"40081",34895
"40083",46683
"40085",10063
"40087",39247
"40089",33016
"40091",19725
"40093",7692
"40095",16505
"40097",41044
"40099",13946
"40101",68736
"40103",11335
"40105",10322
"40107",12067
"40109",787216
"40111",38749
"40113",47226
"40115",31454
"40117",16412
"40119",81815
"40121",44146
"40123",38355
"40125",72154
"40127",11128
"40129",3667
"40131",91353
"40133",24832
"40135",41709
"40137",43647
"40139",20805
"40141",7413
"40143",646419
"40145",78958
"40147",51886
"40149",11225
"40151",9043
"40153",20727
"41001",16019
"41003",91107
"41005",410463
"41007",39102
"41009",51375
"41011",63686
"41013",23011
"41015",22650
"41017",186251
"41019",109114
"41021",1878
"41023",7189
"41025",7267
"41027",23209
"41029",216574
"41031",23607
"41033",86251
"41035",66921
"41037",7837
"41039",373340
"41041",48547
"41043",125048
"41045",30412
"41047",339641
"41049",11303
"41051",804606
"41053",83037
"41055",1642
"41057",26389
"41059",77129
"41061",26337
"41063",7004
"41065",26130
"41067",589481
"41069",1415
"41071",104831
"42001",102470
"42003",1221744
"42005",65867
"42007",165833
"42009",48337
"42011",418025
"42013",123157
"42015",60963
"42017",626806
"42019",186899
"42021",133009
"42023",4611
"42025",63887
"42027",161960
"42029",519560
"42031",38715
"42033",79908
"42035",38915
"42037",65715
"42039",85665
"42041",249328
"42043",275632
"42045",564554
"42047",30340
"42049",273835
"42051",131302
"42053",7313
"42055",154147
"42057",14506
"42059",36870
"42061",45369
"42063",85032
"42065",43846
"42067",24624
"42069",210652
"42071",540999
"42073",86727
"42075",139729
"42077",365052
"42079",317663
"42081",114330
"42083",41401
"42085",111518
"42087",46276
"42089",168032
"42091",823823
"42093",18259
"42095",302809
"42097",91761
"42099",46053
"42101",1579075
"42103",55453
"42105",16806
"42107",142674
"42109",40483
"42111",74361
"42113",6135
"42115",40970
"42117",40944
"42119",45111
"42121",51818
"42123",39756
"42125",207212
"42127",51422
"42129",352590
"42131",27327
"42133",445565
"44001",48764
"44003",163869
"44005",82801
"44007",635737
"44009",126060
"45001",24627
"45003",168301
"45005",9024
"45007",198064
"45009",14376
"45011",21346
"45013",186095
"45015",215044
"45017",14663
"45019",401165
"45021",56895
"45023",32311
"45025",45953
"45027",33957
"45029",37585
"45031",67027
"45033",30689
"45035",158299
"45037",26927
"45039",22565
"45041",138475
"45043",61952
"45045",507003
"45047",70411
"45049",19564
"45051",332172
"45053",28657
"45055",65112
"45057",92308
"45059",66846
"45061",17365
"45063",290278
"45065",9531
"45067",31308
"45069",26753
"45071",38194
"45073",77528
"45075",87687
"45077",124029
"45079",411357
"45081",20303
"45083",307617
"45085",106757
"45087",27490
"45089",31324
"45091",265872
"46003",2763
"46005",18346
"46007",3425
"46009",6929
"46011",34601
"46013",38915
"46015",5258
"46017",2026
"46019",10225
"46021",1485
"46023",9349
"46025",3685
"46027",13957
"46029",28026
"46031",4150
"46033",8719
"46035",19871
"46037",5486
"46039",4318
"46041",5833
"46043",2929
"46045",3909
"46047",6747
"46049",2312
"46051",7149
"46053",4186
"46055",2018
"46057",6025
"46059",3256
"46061",3399
"46063",1306
"46065",17608
"46067",7308
"46069",1319
"46071",3290
"46073",2018
"46075",793
"46077",4944
"46079",12717
"46081",25478
"46083",56826
"46085",3848
"46087",5548
"46089",2297
"46091",4891
"46093",27717
"46095",2052
"46097",2211
"46099",188674
"46101",6507
"46102",14335
"46103",110685
"46105",2897
"46107",2315
"46109",10287
"46111",2379
"46115",6483
"46117",3017
"46119",1305
"46121",10195
"46123",5458
"46125",8300
"46127",15368
"46129",5457
"46135",22717
"46137",2791
"47001",76061
"47003",48292
"47005",16140
"47007",14836
"47009",129927
"47011",105749
"47013",39797
"47015",14178
"47017",27886
"47019",56433
"47021",40181
"47023",17190
"47025",31732
"47027",7654
"47029",35552
"47031",55209
"47033",14399
"47035",59216
"47037",687488
"47039",11686
"47041",19847
"47043",52680
"47045",37416
"47047",40164
"47049",18213
"47051",41725
"47053",49228
"47055",29285
"47057",23101
"47059",68834
"47061",13344
"47063",64132
"47065",360919
"47067",6587
"47069",25443
"47071",25715
"47073",56611
"47075",17623
"47077",27977
"47079",32284
"47081",24813
"47083",8164
"47085",18435
"47087",11682
"47089",53679
"47091",17753
"47093",461104
"47095",7401
"47097",25989
"47099",43390
"47101",12027
"47103",33924
"47105",52340
"47107",53053
"47109",25844
"47111",23842
"47113",97625
"47115",28538
"47117",32965
"47119",91976
"47121",12104
"47123",46064
"47125",200180
"47127",6378
"47129",21545
"47131",30365
"47133",22068
"47135",7962
"47137",5079
"47139",16814
"47141",77447
"47143",32719
"47145",53075
"47147",70280
"47149",315815
"47151",21969
"47153",14816
"47155",97068
"47157",936374
"47159",19740
"47161",13427
"47163",157050
"47165",183437
"47167",61447
"47169",10231
"47171",17811
"47173",19488
"47175",5760
"47177",40702
"47179",127805
"47181",16693
"47183",33510
"47185",26800
"47187",225389
"47189",136666
"48001",57810
"48003",18036
"48005",87322
"48007",24462
"48009",8716
"48011",1973
"48013",49528
"48015",29764
"48017",7100
"48019",22215
"48021",84522
"48023",3577
"48025",32611
"48027",348574
"48029",1952843
"48031",11478
"48033",613
"48035",18296
"48037",93373
"48039",360677
"48041",222981
"48043",9231
"48045",1457
"48047",7141
"48049",37855
"48051",18058
"48053",46530
"48055",42144
"48057",21668
"48059",13856
"48061",421666
"48063",12878
"48065",6009
"48067",30059
"48069",7673
"48071",41305
"48073",52118
"48075",7253
"48077",10403
"48079",2887
"48081",3303
"48083",8334
"48085",973977
"48087",2969
"48089",21224
"48091",141642
"48093",13529
"48095",3266
"48097",40041
"48099",75280
"48101",1642
"48103",4802
"48105",3484
"48107",5836
"48109",2214
"48111",7304
"48113",2606868
"48115",12813
"48117",18736
"48119",5249
"48121",833822
"48123",20340
"48125",2203
"48127",10438
"48129",3342
"48131",11268
"48133",18273
"48135",160579
"48137",1918
"48139",173772
"48141",836062
"48143",41841
"48145",17272
"48147",34537
"48149",25141
"48151",3856
"48153",5803
"48155",1275
"48157",765394
"48159",10716
"48161",19714
"48163",19871
"48165",20706
"48167",332885
"48169",6070
"48171",26459
"48173",1510
"48175",7565
"48177",20731
"48179",22410
"48181",131014
"48183",123443
"48185",27984
"48187",158966
"48189",33826
"48191",3048
"48193",8332
"48195",5520
"48197",3945
"48199",56765
"48201",4646630
"48203",66580
"48205",5669
"48207",5726
"48209",213366
"48211",3994
"48213",81070
"48215",855176
"48217",35689
"48219",23064
"48221",58318
"48223",36486
"48225",22954
"48227",36349
"48229",4415
"48231",94162
"48233",21344
"48235",1620
"48237",8852
"48239",14816
"48241",35506
"48243",2241
"48245",254340
"48247",5231
"48249",40972
"48251",167212
"48253",19943
"48255",15545
"48257",123804
"48259",43769
"48261",568
"48263",647
"48265",51843
"48267",4373
"48269",237
"48271",3659
"48273",30974
"48275",3705
"48277",49611
"48279",13123
"48281",20862
"48283",7416
"48285",20021
"48287",17058
"48289",17225
"48291",83702
"48293",23417
"48295",3398
"48297",12139
"48299",21047
"48301",98
"48303",304808
"48305",5830
"48307",8057
"48309",251089
"48311",774
"48313",14197
"48315",10017
"48317",5649
"48319",4186
"48321",36774
"48323",58174
"48325",50057
"48327",2119
"48329",168167
"48331",24770
"48333",4889
"48335",8523
"48337",19489
"48339",571949
"48341",21399
"48343",12373
"48345",1252
"48347",65339
"48349",48995
"48351",13914
"48353",14904
"48355",361540
"48357",10131
"48359",2094
"48361",84069
"48363",28540
"48365",23327
"48367",133811
"48369",9718
"48371",15815
"48373",48913
"48375",119674
"48377",6975
"48379",11766
"48381",134026
"48383",3766
"48385",3408
"48387",12171
"48389",15492
"48391",7145
"48393",805
"48395",16990
"48397",97175
"48399",10277
"48401",53755
"48403",10471
"48405",8286
"48407",28180
"48409",67008
"48411",5991
"48413",2983
"48415",17096
"48417",3296
"48419",25349
"48421",3059
"48423",227449
"48425",8860
"48427",64078
"48429",9364
"48431",1231
"48433",1476
"48435",3824
"48437",7432
"48439",2049770
"48441",136870
"48443",896
"48445",12528
"48447",1436
"48449",32640
"48451",117986
"48453",1226805
"48455",14620
"48457",21518
"48459",41018
"48461",3659
"48463",26920
"48465",48969
"48467",55103
"48469",92109
"48471",72321
"48473",51832
"48475",11658
"48477",35163
"48479",273526
"48481",41577
"48483",5338
"48485",131596
"48487",12833
"48489",21588
"48491",547604
"48493",49173
"48495",7867
"48497",66290
"48499",44366
"48501",8631
"48503",18036
"48505",14304
"48507",12039
"49001",6517
"49003",53946
"49005",124165
"49007",20308
"49009",613
"49011",345767
"49013",20148
"49015",10117
"49017",4998
"49019",9640
"49021",51213
"49023",11301
"49025",7484
"49027",12854
"49029",11664
"49031",1866
"49033",2389
"49035",1133646
"49037",15302
"49039",29850
"49041",21280
"49043",41103
"49045",67397
"49047",36084
"49049",605490
"49051",31708
"49053",165811
"49055",2689
"49057",251498
"50001",36882
"50003",35746
"50005",30234
"50007",162646
"50009",6200
"50011",49116
"50013",7022
"50015",25318
"50017",28908
"50019",26901
"50021",58892
"50023",58350
"50025",42823
"50027",55275
"51001",32673
"51003",107405
"51005",15157
"51007",12953
"51009",31775
"51011",15707
"51013",233464
"51015",75079
"51017",4307
"51019",78376
"51021",6388
"51023",33343
"51025",16520
"51027",21788
"51029",17059
"51031",55225
"51033",30381
"51035",29801
"51036",7014
"51037",12040
"51041",343551
"51043",14423
"51045",5110
"51047",51101
"51049",9824
"51051",14756
"51053",28485
"51057",10998
"51059",1145862
"51061",69728
"51063",15704
"51065",26594
"51067",56187
"51069",86415
"51071",16772
"51073",37222
"51075",22865
"51077",15742
"51079",19519
"51081",11525
"51083",34552
"51085",105537
"51087",327535
"51089",51308
"51091",2204
"51093",36627
"51095",74916
"51097",7042
"51099",26229
"51101",16688
"51103",10724
"51105",23948
"51107",395134
"51109",36040
"51111",12282
"51113",13170
"51115",8788
"51117",30728
"51119",10675
"51121",98140
"51125",14831
"51127",21686
"51131",11885
"51133",12190
"51135",15433
"51137",36010
"51139",23788
"51141",17748
"51143",61256
"51145",28815
"51147",22905
"51149",38114
"51153",461423
"51155",34182
"51157",7378
"51159",8884
"51161",93823
"51163",22570
"51165",80284
"51167",27141
"51169",21902
"51171",43224
"51173",30767
"51175",17880
"51177",132833
"51179",146773
"51181",6523
"51183",11377
"51185",41603
"51187",39492
"51191",54071
"51193",17751
"51195",38486
"51197",28844
"51199",67982
"51510",157613
"51520",16912
"51530",6484
"51540",47096
"51550",239982
"51570",17428
"51580",5598
"51590",41070
"51595",5442
"51600",23531
"51610",14128
"51620",8147
"51630",28622
"51640",6517
"51650",135041
"51660",53273
"51670",22456
"51678",7241
"51680",80569
"51683",41174
"51685",16986
"51690",12852
"51700",179673
"51710",244601
"51720",3970
"51730",31362
"51735",12090
"51740",95097
"51750",17691
"51760",226622
"51770",99229
"51775",25317
"51790",24432
"51800",90093
"51810",450201
"51820",22140
"51830",14927
"51840",27897
"53001",19594
"53003",22421
"53005",197518
"53007",76229
"53009",75392
"53011",473252
"53013",3992
"53015",106778
"53017",42023
"53019",7578
"53021",92009
"53023",2230
"53025",95502
"53027",72779
"53029",82866
"53031",31285
"53033",2195502
"53035",265882
"53037",45897
"53039",21721
"53041",78145
"53043",10574
"53045",63804
"53047",41842
"53049",21688
"53051",13377
"53053",877013
"53055",16788
"53057",125612
"53059",11753
"53061",798808
"53063",505505
"53065",44655
"53067",279711
"53069",4268
"53071",60365
"53073",220821
"53075",49231
"53077",249697
"54001",16633
"54003",115329
"54005",22368
"54007",14190
"54009",22459
"54011",94339
"54013",7295
"54015",8709
"54017",8560
"54019",43576
"54021",8041
"54023",11616
"54025",35155
"54027",23309
"54029",29383
"54031",13805
"54033",67908
"54035",28907
"54037",56506
"54039",183279
"54041",16166
"54043",20850
"54045",33154
"54047",18661
"54049",56355
"54051",31308
"54053",26820
"54055",59919
"54057",27167
"54059",24290
"54061",105474
"54063",13401
"54065",17709
"54067",25078
"54069",42143
"54071",7001
"54073",7482
"54075",8450
"54077",33683
"54079",56610
"54081",75252
"54083",28930
"54085",9844
"54087",14020
"54089",12848
"54091",16864
"54093",6982
"54095",8811
"54097",24502
"54099",40303
"54101",8386
"54103",15436
"54105",5798
"54107",84960
"54109",21281
"55001",20094
"55003",15617
"55005",45229
"55007",14993
"55009",261368
"55011",13126
"55013",15289
"55015",49928
"55017",63892
"55019",34579
"55021",57133
"55023",16235
"55025",536078
"55027",87715
"55029",27472
"55031",43295
"55033",44759
"55035",103514
"55037",4314
"55039",102597
"55041",8995
"55043",51733
"55045",36896
"55047",18755
"55049",23618
"55051",5687
"55053",20522
"55055",84701
"55057",26478
"55059",168524
"55061",20387
"55063",117894
"55065",16715
"55067",19146
"55069",27744
"55071",79185
"55073",135396
"55075",40391
"55077",15304
"55078",4558
"55079",951226
"55081",45771
"55083",37646
"55085",35381
"55087",185700
"55089",88597
"55091",7265
"55093",41977
"55095",43438
"55097",70632
"55099",13416
"55101",195602
"55103",17459
"55105",162152
"55107",14132
"55109",88732
"55111",63922
"55113",16399
"55115",40904
"55117",115178
"55119",20325
"55121",29499
"55123",30633
"55125",21751
"55127",103074
"55129",15688
"55131",134925
"55133",400475
"55135",51245
"55137",24193
"55139",170411
"55141",73112
"56001",38390
"56003",11882
"56005",47409
"56007",15247
"56009",13921
"56011",7472
"56013",39812
"56015",13342
"56017",4607
"56019",8487
"56021",98320
"56023",19274
"56025",80333
"56027",2422
"56029",29148
"56031",8582
"56033",30140
"56035",9880
"56037",43521
"56039",23280
"56041",20479
"56043",8027
"56045",7049
"72001",17891
"72003",37954
"72005",52803
"72007",25748
"72009",22988
"72011",26934
"72013",85390
"72015",17805
"72017",24079
"72019",28393
"72021",178192
"72023",48487
"72025",128937
"72027",31598
"72029",45588
"72031",153779
"72033",24271
"72035",43785
"72037",11515
"72039",16513
"72041",39607
"72043",38906
"72045",19224
"72047",33500
"72049",1311
"72051",36803
"72053",31111
"72054",11697
"72055",16293
"72057",40889
"72059",18514
"72061",86937
"72063",46910
"72065",39950
"72067",15943
"72069",52507
"72071",41707
"72073",14539
"72075",46152
"72077",38780
"72079",22835
"72081",25696
"72083",8370
"72085",37499
"72087",25778
"72089",18224
"72091",38836
"72093",6075
"72095",10776
"72097",75232
"72099",36161
"72101",30962
"72103",26075
"72105",28112
"72107",20982
"72109",16929
"72111",20383
"72113",139671
"72115",23629
"72117",14056
"72119",49613
"72121",22560
"72123",28109
"72125",31442
"72127",335468
"72129",37209
"72131",37120
"72133",21757
"72135",72864
"72137",77810
"72139",66338
"72141",28676
"72143",37106
"72145",52192
"72147",8642
"72149",22403
"72151",33499
"72153",35428
